Staff_ID,Year,Role,Wins,Losses,Ties,Playoffs,Team
0,2014,Assistant Coach,17,17,0,Division,6
0,2015,Head Coach,7,9,0,None,0
0,2016,Offensive Coordinator,5,11,0,None,22
0,2017,Offensive Coordinator,7,9,0,None,22
0,2018,Offensive Coordinator,8,9,0,Wild Card,22
1,2014,Offensive Coordinator,6,10,0,None,0
1,2015,Offensive Coordinator,7,9,0,None,0
1,2016,Offensive Coordinator,8,10,0,Division,0
1,2017,Offensive Coordinator,14,5,0,Won Conference,0
1,2018,Offensive Coordinator,10,7,0,Wild Card,0
1,2019,Offensive Coordinator,5,11,0,None,0
1,2020,Offensive Coordinator,11,6,0,Division,25
1,2021,Offensive Coordinator,12,6,0,Division,25
2,2014,Defensive Coordinator,6,10,0,None,0
2,2015,Defensive Coordinator,7,9,0,None,0
2,2016,Defensive Coordinator,8,10,0,Division,0
2,2017,Defensive Coordinator,14,5,0,Won Conference,0
2,2018,Defensive Coordinator,10,7,0,Wild Card,0
2,2019,Defensive Coordinator,5,11,0,None,0
2,2020,Defensive Coordinator,7,8,1,None,0
2,2021,Defensive Coordinator,9,7,0,None,0
3,2014,Assistant Coach,6,10,0,None,0
3,2015,Assistant Coach,7,9,0,None,0
3,2016,Assistant Coach,8,10,0,Division,0
4,2014,Strength Coordinator,6,10,0,None,0
4,2015,Strength Coordinator,7,9,0,None,0
4,2016,Strength Coordinator,8,10,0,Division,0
4,2017,Strength Coordinator,14,5,0,Won Conference,0
4,2018,Strength Coordinator,10,7,0,Wild Card,0
4,2019,Strength Coordinator,5,11,0,None,0
4,2020,Strength Coordinator,7,8,1,None,0
4,2021,Strength Coordinator,9,7,0,None,0
5,2014,Head Coach,4,12,0,None,1
5,2015,Assistant Coach,11,6,0,Wild Card,6
5,2016,Assistant Coach,7,9,0,None,6
5,2017,Assistant Coach,12,6,0,Division,6
5,2018,Assistant Coach,6,10,0,None,6
5,2019,Assistant Coach,9,9,0,Division,6
5,2020,Assistant Coach,9,7,0,None,6
5,2021,Assistant Coach,8,8,0,None,6
6,2014,Offensive Coordinator,4,12,0,None,1
6,2015,Offensive Coordinator,4,12,0,None,1
6,2016,Offensive Coordinator,5,11,0,None,1
6,2017,Offensive Coordinator,9,9,0,Division,1
6,2018,Offensive Coordinator,10,6,0,None,1
6,2019,Offensive Coordinator,3,13,0,None,1
6,2020,Offensive Coordinator,8,9,0,Wild Card,1
6,2021,Offensive Coordinator,6,10,0,None,1
7,2014,Defensive Coordinator,4,12,0,None,1
7,2015,Defensive Coordinator,4,12,0,None,1
8,2014,Assistant Coach,4,12,0,None,1
8,2015,Assistant Coach,4,12,0,None,1
8,2016,Assistant Coach,5,11,0,None,1
8,2017,Assistant Coach,9,9,0,Division,1
8,2018,Assistant Coach,10,6,0,None,1
8,2019,Assistant Coach,3,13,0,None,1
8,2020,Assistant Coach,8,9,0,Wild Card,1
8,2021,Assistant Coach,6,10,0,None,1
9,2014,Strength Coordinator,4,12,0,None,1
10,2014,Head Coach,5,11,0,None,2
11,2014,Offensive Coordinator,5,11,0,None,2
11,2015,Offensive Coordinator,12,5,0,Division,2
11,2016,Offensive Coordinator,11,7,0,Division,2
11,2017,Offensive Coordinator,11,6,0,Wild Card,2
11,2018,Offensive Coordinator,7,9,0,None,2
11,2019,Offensive Coordinator,8,8,0,None,2
11,2020,Offensive Coordinator,8,8,0,None,2
11,2021,Offensive Coordinator,10,8,0,Division,2
12,2014,Defensive Coordinator,5,11,0,None,2
12,2015,Head Coach,12,5,0,Division,2
12,2016,Head Coach,11,7,0,Division,2
12,2017,Head Coach,11,6,0,Wild Card,2
12,2018,Head Coach,7,9,0,None,2
12,2019,Head Coach,8,8,0,None,2
12,2020,Head Coach,8,8,0,None,2
13,2014,Assistant Coach,5,11,0,None,2
13,2015,Assistant Coach,12,5,0,Division,2
13,2016,Assistant Coach,11,7,0,Division,2
13,2017,Assistant Coach,11,6,0,Wild Card,2
13,2018,Assistant Coach,7,9,0,None,2
14,2014,Strength Coordinator,5,11,0,None,2
14,2015,Strength Coordinator,12,5,0,Division,2
14,2016,Strength Coordinator,11,7,0,Division,2
14,2017,Strength Coordinator,11,6,0,Wild Card,2
15,2014,Head Coach,8,8,0,None,3
16,2014,Offensive Coordinator,8,8,0,None,3
16,2015,Offensive Coordinator,8,8,0,None,3
16,2016,Offensive Coordinator,8,7,1,None,3
16,2017,Offensive Coordinator,11,7,0,Division,3
17,2014,Defensive Coordinator,8,8,0,None,3
17,2015,Defensive Coordinator,8,8,0,None,3
17,2016,Defensive Coordinator,8,7,1,None,3
17,2017,Defensive Coordinator,11,7,0,Division,3
17,2018,Head Coach,14,4,0,Conference,3
17,2019,Head Coach,14,5,0,Won Conference,3
17,2020,Head Coach,10,7,0,Wild Card,3
17,2021,Head Coach,8,8,0,None,3
18,2014,Assistant Coach,8,8,0,None,3
18,2015,Assistant Coach,8,8,0,None,3
18,2016,Assistant Coach,8,7,1,None,3
18,2017,Assistant Coach,11,7,0,Division,3
18,2018,Defensive Coordinator,14,4,0,Conference,3
18,2019,Defensive Coordinator,14,5,0,Won Conference,3
18,2020,Defensive Coordinator,10,7,0,Wild Card,3
18,2021,Defensive Coordinator,8,8,0,None,3
19,2014,Strength Coordinator,8,8,0,None,3
20,2014,Head Coach,10,7,0,Wild Card,4
20,2015,Head Coach,9,7,0,None,4
21,2014,Offensive Coordinator,10,7,0,Wild Card,4
21,2015,Offensive Coordinator,9,7,0,None,4
22,2014,Defensive Coordinator,10,7,0,Wild Card,4
22,2015,Defensive Coordinator,9,7,0,None,4
22,2016,Defensive Coordinator,17,2,0,Won Conference,4
22,2018,Assistant Coach,5,11,0,None,5
22,2019,Assistant Coach,2,14,0,None,5
22,2020,Assistant Coach,3,13,0,None,5
22,2021,Assistant Coach,1,15,0,None,5
23,2014,Assistant Coach,10,7,0,Wild Card,4
23,2015,Assistant Coach,9,7,0,None,4
23,2016,Assistant Coach,17,2,0,Won Conference,4
23,2017,Assistant Coach,7,9,0,None,4
23,2018,Assistant Coach,12,6,0,Conference,4
23,2019,Assistant Coach,11,8,0,Conference,4
23,2020,Assistant Coach,6,10,0,None,4
23,2021,Assistant Coach,14,4,0,Conference,4
24,2014,Strength Coordinator,10,7,0,Wild Card,4
25,2014,Head Coach,5,11,0,None,5
26,2014,Offensive Coordinator,5,11,0,None,5
26,2015,Offensive Coordinator,6,10,0,None,5
26,2016,Offensive Coordinator,5,11,0,None,5
26,2017,Offensive Coordinator,4,12,0,None,5
27,2014,Defensive Coordinator,5,11,0,None,5
27,2015,Defensive Coordinator,4,12,0,None,9
27,2016,Head Coach,10,7,0,Wild Card,9
27,2017,Head Coach,10,7,0,Wild Card,9
27,2018,Head Coach,9,7,0,None,9
27,2019,Head Coach,10,7,0,Wild Card,9
27,2020,Head Coach,7,9,0,None,9
27,2021,Head Coach,14,4,0,Division,9
28,2014,Assistant Coach,5,11,0,None,5
28,2015,Assistant Coach,6,10,0,None,5
28,2016,Assistant Coach,5,11,0,None,5
28,2017,Assistant Coach,4,12,0,None,5
28,2018,Head Coach,10,6,0,None,1
28,2019,Head Coach,3,13,0,None,1
28,2020,Head Coach,8,9,0,Wild Card,1
28,2021,Head Coach,10,8,0,Division,2
29,2014,Strength Coordinator,5,11,0,None,5
29,2015,Strength Coordinator,6,10,0,None,5
29,2016,Strength Coordinator,5,11,0,None,5
29,2017,Strength Coordinator,4,12,0,None,5
29,2018,Strength Coordinator,5,11,0,None,5
29,2019,Strength Coordinator,2,14,0,None,5
30,2014,Head Coach,11,7,0,Division,6
30,2015,Head Coach,11,6,0,Wild Card,6
30,2016,Head Coach,7,9,0,None,6
30,2017,Head Coach,12,6,0,Division,6
30,2018,Head Coach,6,10,0,None,6
30,2019,Head Coach,9,9,0,Division,6
30,2020,Head Coach,9,7,0,None,6
30,2021,Head Coach,8,8,0,None,6
31,2014,Offensive Coordinator,11,7,0,Division,6
31,2015,Offensive Coordinator,11,6,0,Wild Card,6
31,2016,Offensive Coordinator,7,9,0,None,6
31,2017,Offensive Coordinator,12,6,0,Division,6
31,2018,Offensive Coordinator,6,10,0,None,6
31,2019,Offensive Coordinator,9,9,0,Division,6
31,2020,Offensive Coordinator,9,7,0,None,6
31,2021,Offensive Coordinator,8,8,0,None,6
32,2016,Offensive Coordinator,8,8,0,None,28
32,2017,Offensive Coordinator,8,8,0,None,28
32,2018,Offensive Coordinator,11,6,0,Wild Card,28
32,2019,Offensive Coordinator,9,7,0,None,28
32,2020,Offensive Coordinator,8,9,0,Wild Card,28
32,2021,Offensive Coordinator,12,6,0,Conference,28
33,2014,Defensive Coordinator,11,7,0,Division,6
33,2015,Defensive Coordinator,11,6,0,Wild Card,6
33,2016,Defensive Coordinator,7,9,0,None,6
33,2017,Defensive Coordinator,12,6,0,Division,6
33,2018,Defensive Coordinator,6,10,0,None,6
33,2019,Defensive Coordinator,9,9,0,Division,6
33,2020,Defensive Coordinator,9,7,0,None,6
33,2021,Defensive Coordinator,8,8,0,None,6
34,2014,Strength Coordinator,11,7,0,Division,6
35,2014,Head Coach,10,7,0,Wild Card,7
35,2015,Head Coach,4,12,0,None,7
35,2016,Offensive Coordinator,17,2,0,Won Conference,4
35,2017,Offensive Coordinator,7,9,0,None,4
35,2018,Offensive Coordinator,12,6,0,Conference,4
35,2019,Offensive Coordinator,11,8,0,Conference,4
35,2020,Offensive Coordinator,6,10,0,None,4
35,2021,Head Coach,14,4,0,Conference,4
36,2014,Offensive Coordinator,10,7,0,Wild Card,7
36,2015,Offensive Coordinator,4,12,0,None,7
36,2016,Offensive Coordinator,7,9,0,None,7
36,2017,Offensive Coordinator,3,13,0,None,7
36,2018,Offensive Coordinator,3,13,0,None,7
37,2014,Defensive Coordinator,10,7,0,Wild Card,7
37,2015,Head Coach,8,8,0,None,3
37,2016,Head Coach,8,7,1,None,3
37,2017,Head Coach,11,7,0,Division,3
38,2014,Assistant Coach,10,7,0,Wild Card,7
38,2015,Offensive Coordinator,4,12,0,None,15
38,2016,Offensive Coordinator,7,9,0,None,15
38,2017,Offensive Coordinator,9,7,0,None,15
38,2018,Offensive Coordinator,13,7,0,Champion,15
38,2019,Offensive Coordinator,7,9,0,None,15
38,2020,Offensive Coordinator,9,8,0,Wild Card,15
38,2021,Offensive Coordinator,5,11,0,None,15
39,2014,Strength Coordinator,10,7,0,Wild Card,7
39,2015,Strength Coordinator,4,12,0,None,7
39,2016,Strength Coordinator,1,15,0,None,17
39,2017,Strength Coordinator,7,9,0,None,17
39,2018,Strength Coordinator,5,11,0,None,17
39,2019,Strength Coordinator,10,8,0,Division,17
39,2020,Strength Coordinator,7,9,0,None,17
39,2021,Strength Coordinator,4,12,0,None,17
40,2014,Head Coach,5,11,0,None,8
40,2015,Defensive Coordinator,6,10,0,None,5
40,2016,Defensive Coordinator,5,11,0,None,5
40,2017,Defensive Coordinator,4,12,0,None,5
40,2018,Defensive Coordinator,5,11,0,None,5
40,2019,Defensive Coordinator,8,8,0,None,26
40,2020,Defensive Coordinator,5,11,0,None,26
40,2021,Defensive Coordinator,5,11,0,None,26
41,2014,Offensive Coordinator,5,11,0,None,8
41,2015,Offensive Coordinator,10,6,0,None,8
41,2016,Head Coach,7,9,0,None,30
41,2017,Head Coach,4,12,0,None,30
41,2018,Head Coach,2,14,0,None,30
41,2019,Head Coach,2,14,0,None,5
41,2020,Head Coach,3,13,0,None,5
41,2021,Head Coach,1,15,0,None,5
42,2014,Defensive Coordinator,5,11,0,None,8
42,2015,Defensive Coordinator,10,6,0,None,8
42,2016,Defensive Coordinator,6,10,0,None,8
42,2017,Defensive Coordinator,10,7,0,Wild Card,8
42,2018,Defensive Coordinator,10,6,0,None,8
42,2019,Defensive Coordinator,6,10,0,None,8
42,2020,Defensive Coordinator,9,7,0,None,8
42,2021,Defensive Coordinator,9,8,0,Wild Card,8
43,2014,Assistant Coach,5,11,0,None,8
43,2015,Assistant Coach,10,6,0,None,8
43,2016,Assistant Coach,6,10,0,None,8
43,2017,Assistant Coach,10,7,0,Wild Card,8
43,2018,Assistant Coach,10,6,0,None,8
43,2019,Assistant Coach,6,10,0,None,8
43,2020,Assistant Coach,9,7,0,None,8
43,2021,Assistant Coach,9,8,0,Wild Card,8
44,2014,Strength Coordinator,5,11,0,None,8
44,2015,Strength Coordinator,11,6,0,Wild Card,6
44,2016,Strength Coordinator,7,9,0,None,6
44,2017,Strength Coordinator,12,6,0,Division,6
44,2018,Strength Coordinator,6,10,0,None,6
44,2019,Strength Coordinator,9,9,0,Division,6
44,2020,Strength Coordinator,9,7,0,None,6
44,2021,Strength Coordinator,8,8,0,None,6
45,2014,Head Coach,5,11,0,None,9
45,2015,Head Coach,4,12,0,None,9
45,2016,Offensive Coordinator,7,9,0,None,30
45,2017,Offensive Coordinator,4,12,0,None,30
45,2018,Offensive Coordinator,2,14,0,None,30
46,2014,Offensive Coordinator,5,11,0,None,9
46,2015,Offensive Coordinator,4,12,0,None,9
47,2014,Defensive Coordinator,5,11,0,None,9
48,2014,Assistant Coach,5,11,0,None,9
48,2015,Assistant Coach,4,12,0,None,9
48,2016,Offensive Coordinator,10,7,0,Wild Card,9
48,2017,Offensive Coordinator,10,7,0,Wild Card,9
48,2018,Offensive Coordinator,9,7,0,None,9
48,2019,Offensive Coordinator,10,7,0,Wild Card,9
48,2020,Offensive Coordinator,7,9,0,None,9
48,2021,Offensive Coordinator,14,4,0,Division,9
49,2014,Strength Coordinator,5,11,0,None,9
50,2014,Head Coach,10,6,0,None,10
50,2015,Head Coach,14,5,0,Won Conference,10
50,2016,Head Coach,13,5,0,Conference,10
50,2017,Head Coach,12,6,0,Conference,10
50,2018,Head Coach,8,8,0,None,10
50,2019,Head Coach,18,1,0,Champion,10
50,2020,Head Coach,18,1,0,Champion,10
50,2021,Head Coach,17,2,0,Champion,10
51,2014,Offensive Coordinator,10,6,0,None,10
51,2015,Offensive Coordinator,14,5,0,Won Conference,10
51,2016,Offensive Coordinator,13,5,0,Conference,10
51,2017,Offensive Coordinator,12,6,0,Conference,10
51,2018,Offensive Coordinator,8,8,0,None,10
51,2019,Offensive Coordinator,18,1,0,Champion,10
51,2020,Offensive Coordinator,18,1,0,Champion,10
52,2014,Defensive Coordinator,10,6,0,None,10
52,2015,Defensive Coordinator,14,5,0,Won Conference,10
52,2016,Defensive Coordinator,13,5,0,Conference,10
53,2014,Assistant Coach,10,6,0,None,10
53,2015,Assistant Coach,14,5,0,Won Conference,10
53,2016,Defensive Coordinator,7,9,0,None,26
53,2017,Defensive Coordinator,8,8,0,None,26
53,2018,Defensive Coordinator,3,13,0,None,26
53,2019,Defensive Coordinator,10,7,0,Division,25
53,2020,Defensive Coordinator,11,6,0,Division,25
53,2021,Defensive Coordinator,12,6,0,Division,25
54,2014,Strength Coordinator,10,6,0,None,10
54,2015,Strength Coordinator,14,5,0,Won Conference,10
54,2016,Strength Coordinator,13,5,0,Conference,10
54,2017,Strength Coordinator,12,6,0,Conference,10
54,2018,Strength Coordinator,8,8,0,None,10
54,2019,Strength Coordinator,18,1,0,Champion,10
54,2020,Strength Coordinator,18,1,0,Champion,10
54,2021,Strength Coordinator,17,2,0,Champion,10
55,2014,Head Coach,5,11,0,None,11
56,2014,Offensive Coordinator,5,11,0,None,11
56,2015,Offensive Coordinator,6,10,0,None,11
56,2016,Offensive Coordinator,6,10,0,None,11
56,2017,Offensive Coordinator,6,10,0,None,11
56,2018,Offensive Coordinator,5,11,0,None,11
56,2019,Offensive Coordinator,5,10,1,None,11
56,2020,Offensive Coordinator,5,11,0,None,11
57,2014,Defensive Coordinator,5,11,0,None,11
57,2015,Defensive Coordinator,6,10,0,None,11
57,2016,Defensive Coordinator,6,10,0,None,11
57,2017,Defensive Coordinator,6,10,0,None,11
57,2018,Defensive Coordinator,5,11,0,None,11
57,2019,Defensive Coordinator,5,10,1,None,11
57,2020,Defensive Coordinator,5,11,0,None,11
57,2021,Assistant Coach,8,8,0,None,20
58,2014,Assistant Coach,5,11,0,None,11
58,2015,Assistant Coach,6,10,0,None,11
58,2016,Assistant Coach,6,10,0,None,11
58,2017,Defensive Coordinator,8,8,0,None,13
58,2018,Defensive Coordinator,13,6,0,Won Conference,13
58,2019,Defensive Coordinator,10,7,0,Division,13
58,2020,Defensive Coordinator,15,4,0,Won Conference,13
58,2021,Defensive Coordinator,7,9,0,None,13
59,2014,Strength Coordinator,5,11,0,None,11
59,2015,Strength Coordinator,4,12,0,None,9
59,2016,Strength Coordinator,10,7,0,Wild Card,9
59,2017,Strength Coordinator,10,7,0,Wild Card,9
59,2018,Strength Coordinator,9,7,0,None,9
59,2019,Strength Coordinator,10,7,0,Wild Card,9
59,2020,Strength Coordinator,7,9,0,None,9
59,2021,Strength Coordinator,14,4,0,Division,9
60,2014,Head Coach,9,7,0,None,12
60,2015,Head Coach,3,13,0,None,12
61,2014,Offensive Coordinator,9,7,0,None,12
61,2015,Offensive Coordinator,3,13,0,None,12
61,2016,Offensive Coordinator,8,8,0,None,12
61,2017,Offensive Coordinator,7,9,0,None,12
61,2018,Offensive Coordinator,12,6,0,Division,12
61,2019,Offensive Coordinator,8,8,0,None,12
61,2020,Offensive Coordinator,8,8,0,None,12
61,2021,Offensive Coordinator,7,9,0,None,12
62,2014,Defensive Coordinator,9,7,0,None,12
62,2015,Defensive Coordinator,3,13,0,None,12
62,2016,Defensive Coordinator,8,8,0,None,12
62,2017,Defensive Coordinator,7,9,0,None,12
63,2014,Assistant Coach,9,7,0,None,12
63,2015,Assistant Coach,3,13,0,None,12
63,2016,Assistant Coach,8,8,0,None,12
63,2017,Assistant Coach,7,9,0,None,12
63,2018,Assistant Coach,12,6,0,Division,12
63,2019,Assistant Coach,8,8,0,None,12
63,2020,Assistant Coach,8,8,0,None,12
63,2021,Assistant Coach,7,9,0,None,12
64,2014,Strength Coordinator,9,7,0,None,12
65,2014,Head Coach,2,14,0,None,13
66,2014,Offensive Coordinator,2,14,0,None,13
66,2015,Offensive Coordinator,8,8,0,None,13
66,2016,Offensive Coordinator,10,8,0,Division,13
66,2017,Offensive Coordinator,8,8,0,None,13
67,2014,Defensive Coordinator,2,14,0,None,13
67,2015,Defensive Coordinator,8,8,0,None,13
67,2016,Defensive Coordinator,10,8,0,Division,13
68,2014,Assistant Coach,2,14,0,None,13
68,2015,Defensive Coordinator,8,8,0,None,31
68,2016,Defensive Coordinator,8,9,0,Wild Card,31
68,2017,Defensive Coordinator,14,4,0,Conference,31
68,2018,Defensive Coordinator,8,7,1,None,31
68,2019,Defensive Coordinator,12,7,0,Conference,31
68,2020,Defensive Coordinator,7,9,0,None,31
68,2021,Defensive Coordinator,8,8,0,None,31
69,2014,Strength Coordinator,2,14,0,None,13
69,2015,Strength Coordinator,8,8,0,None,13
69,2016,Strength Coordinator,10,8,0,Division,13
70,2014,Head Coach,5,11,0,None,14
71,2014,Offensive Coordinator,5,11,0,None,14
71,2015,Offensive Coordinator,10,7,0,Wild Card,14
72,2014,Defensive Coordinator,5,11,0,None,14
72,2015,Defensive Coordinator,10,7,0,Wild Card,14
72,2016,Defensive Coordinator,9,7,0,None,14
72,2017,Defensive Coordinator,7,9,0,None,14
72,2018,Defensive Coordinator,9,7,0,None,14
73,2014,Assistant Coach,5,11,0,None,14
73,2015,Assistant Coach,10,7,0,Wild Card,14
73,2016,Assistant Coach,8,8,0,None,28
73,2017,Assistant Coach,8,8,0,None,28
73,2018,Assistant Coach,11,6,0,Wild Card,28
73,2019,Assistant Coach,9,7,0,None,28
73,2020,Assistant Coach,8,9,0,Wild Card,28
73,2021,Assistant Coach,12,6,0,Conference,28
74,2014,Strength Coordinator,5,11,0,None,14
74,2015,Strength Coordinator,10,7,0,Wild Card,14
74,2016,Strength Coordinator,9,7,0,None,14
74,2017,Strength Coordinator,7,9,0,None,14
74,2018,Strength Coordinator,9,7,0,None,14
74,2019,Strength Coordinator,9,7,0,None,14
74,2020,Strength Coordinator,8,9,0,Wild Card,28
74,2021,Strength Coordinator,12,6,0,Conference,28
75,2014,Head Coach,11,7,0,Division,15
76,2014,Offensive Coordinator,11,7,0,Division,15
77,2014,Defensive Coordinator,11,7,0,Division,15
77,2015,Defensive Coordinator,4,12,0,None,15
77,2016,Defensive Coordinator,7,9,0,None,15
77,2017,Defensive Coordinator,9,7,0,None,15
77,2018,Defensive Coordinator,13,7,0,Champion,15
77,2019,Defensive Coordinator,7,9,0,None,15
77,2020,Defensive Coordinator,9,8,0,Wild Card,15
77,2021,Defensive Coordinator,5,11,0,None,15
78,2014,Assistant Coach,11,7,0,Division,15
78,2015,Assistant Coach,4,12,0,None,15
78,2016,Assistant Coach,7,9,0,None,15
78,2017,Assistant Coach,9,7,0,None,15
78,2018,Assistant Coach,13,7,0,Champion,15
78,2019,Assistant Coach,7,9,0,None,15
78,2020,Assistant Coach,9,8,0,Wild Card,15
78,2021,Assistant Coach,5,11,0,None,15
79,2014,Strength Coordinator,11,7,0,Division,15
80,2014,Head Coach,8,8,0,None,16
80,2015,Head Coach,8,8,0,None,16
80,2016,Head Coach,5,10,1,None,16
80,2017,Head Coach,2,14,0,None,16
80,2018,Head Coach,13,5,0,Division,16
80,2019,Head Coach,11,6,0,Wild Card,16
80,2020,Head Coach,2,14,0,None,16
81,2014,Offensive Coordinator,8,8,0,None,16
81,2015,Offensive Coordinator,8,8,0,None,16
81,2016,Offensive Coordinator,5,10,1,None,16
81,2017,Offensive Coordinator,2,14,0,None,16
81,2018,Offensive Coordinator,13,5,0,Division,16
81,2019,Offensive Coordinator,11,6,0,Wild Card,16
81,2020,Offensive Coordinator,2,14,0,None,16
81,2021,Head Coach,5,10,1,None,16
82,2014,Defensive Coordinator,8,8,0,None,16
82,2015,Defensive Coordinator,8,8,0,None,16
82,2016,Head Coach,17,2,0,Won Conference,4
82,2017,Head Coach,7,9,0,None,4
82,2018,Head Coach,12,6,0,Conference,4
82,2019,Head Coach,11,8,0,Conference,4
82,2020,Head Coach,6,10,0,None,4
82,2021,Head Coach,9,7,1,Wild Card,27
83,2014,Assistant Coach,8,8,0,None,16
83,2015,Assistant Coach,8,8,0,None,16
83,2016,Defensive Coordinator,5,10,1,None,16
83,2017,Defensive Coordinator,2,14,0,None,16
83,2018,Defensive Coordinator,13,5,0,Division,16
83,2019,Defensive Coordinator,11,6,0,Wild Card,16
83,2020,Defensive Coordinator,2,14,0,None,16
83,2021,Defensive Coordinator,5,10,1,None,16
84,2014,Strength Coordinator,8,8,0,None,16
85,2014,Head Coach,7,9,0,None,17
85,2015,Head Coach,8,8,0,None,17
85,2016,Head Coach,1,15,0,None,17
85,2017,Head Coach,7,9,0,None,17
85,2018,Head Coach,5,11,0,None,11
85,2019,Head Coach,5,10,1,None,11
85,2020,Head Coach,5,11,0,None,11
86,2014,Offensive Coordinator,7,9,0,None,17
86,2015,Offensive Coordinator,8,8,0,None,17
86,2016,Offensive Coordinator,1,15,0,None,17
86,2017,Offensive Coordinator,7,9,0,None,17
86,2018,Offensive Coordinator,5,11,0,None,17
86,2019,Offensive Coordinator,10,8,0,Division,17
86,2020,Offensive Coordinator,7,9,0,None,17
86,2021,Offensive Coordinator,4,12,0,None,17
87,2014,Defensive Coordinator,7,9,0,None,17
87,2015,Defensive Coordinator,8,8,0,None,17
87,2016,Defensive Coordinator,1,15,0,None,17
87,2017,Defensive Coordinator,7,9,0,None,17
87,2018,Defensive Coordinator,5,11,0,None,17
87,2019,Defensive Coordinator,10,8,0,Division,17
87,2020,Defensive Coordinator,7,9,0,None,17
87,2021,Defensive Coordinator,4,12,0,None,17
88,2014,Assistant Coach,7,9,0,None,17
88,2015,Assistant Coach,8,8,0,None,17
88,2016,Assistant Coach,1,15,0,None,17
88,2017,Assistant Coach,7,9,0,None,17
88,2018,Assistant Coach,5,11,0,None,17
88,2019,Assistant Coach,10,8,0,Division,17
88,2020,Assistant Coach,7,9,0,None,17
88,2021,Assistant Coach,4,12,0,None,17
89,2014,Strength Coordinator,7,9,0,None,17
89,2015,Strength Coordinator,8,8,0,None,17
90,2014,Head Coach,7,9,0,None,18
90,2015,Head Coach,11,7,0,Division,18
90,2016,Head Coach,11,7,0,Division,18
91,2014,Offensive Coordinator,7,9,0,None,18
91,2015,Offensive Coordinator,11,7,0,Division,18
91,2016,Offensive Coordinator,11,7,0,Division,18
91,2017,Offensive Coordinator,9,7,0,None,18
91,2018,Offensive Coordinator,10,7,0,Division,18
91,2019,Offensive Coordinator,8,8,0,None,18
91,2020,Offensive Coordinator,7,9,0,None,18
91,2021,Offensive Coordinator,8,8,0,None,18
92,2014,Defensive Coordinator,7,9,0,None,18
92,2015,Defensive Coordinator,11,7,0,Division,18
92,2016,Defensive Coordinator,11,7,0,Division,18
92,2017,Defensive Coordinator,9,7,0,None,18
92,2018,Defensive Coordinator,10,7,0,Division,18
92,2019,Defensive Coordinator,8,8,0,None,18
92,2020,Defensive Coordinator,7,9,0,None,18
92,2021,Defensive Coordinator,8,8,0,None,18
93,2014,Assistant Coach,7,9,0,None,18
93,2015,Assistant Coach,11,7,0,Division,18
93,2016,Assistant Coach,11,7,0,Division,18
93,2017,Defensive Coordinator,7,9,0,None,22
93,2018,Defensive Coordinator,8,9,0,Wild Card,22
93,2019,Defensive Coordinator,5,11,0,None,22
93,2020,Head Coach,10,6,0,None,22
93,2021,Head Coach,5,11,0,None,22
94,2014,Strength Coordinator,7,9,0,None,18
94,2015,Strength Coordinator,8,8,0,None,3
94,2016,Strength Coordinator,8,7,1,None,3
94,2017,Strength Coordinator,11,7,0,Division,3
94,2018,Strength Coordinator,14,4,0,Conference,3
94,2019,Strength Coordinator,14,5,0,Won Conference,3
94,2020,Strength Coordinator,10,7,0,Wild Card,3
94,2021,Strength Coordinator,8,8,0,None,3
95,2014,Head Coach,18,1,0,Champion,19
95,2015,Head Coach,13,5,0,Conference,19
95,2016,Head Coach,17,2,0,Champion,19
95,2017,Head Coach,15,4,0,Champion,19
95,2018,Head Coach,7,8,1,None,19
95,2019,Head Coach,11,6,0,Wild Card,19
96,2014,Offensive Coordinator,18,1,0,Champion,19
96,2015,Head Coach,10,7,0,Wild Card,14
96,2016,Head Coach,9,7,0,None,14
96,2017,Head Coach,7,9,0,None,14
96,2018,Head Coach,9,7,0,None,14
96,2019,Head Coach,9,7,0,None,14
96,2020,Head Coach,9,6,1,None,14
96,2021,Head Coach,13,6,0,Won Conference,14
97,2014,Defensive Coordinator,18,1,0,Champion,19
97,2015,Defensive Coordinator,13,5,0,Conference,19
97,2016,Defensive Coordinator,17,2,0,Champion,19
97,2017,Defensive Coordinator,15,4,0,Champion,19
97,2018,Defensive Coordinator,7,8,1,None,19
97,2019,Defensive Coordinator,11,6,0,Wild Card,19
97,2020,Defensive Coordinator,12,7,0,Conference,19
97,2021,Defensive Coordinator,6,9,1,None,19
98,2014,Assistant Coach,18,1,0,Champion,19
98,2015,Assistant Coach,13,5,0,Conference,19
98,2016,Assistant Coach,17,2,0,Champion,19
98,2017,Assistant Coach,15,4,0,Champion,19
98,2018,Offensive Coordinator,13,6,0,Won Conference,13
98,2019,Offensive Coordinator,10,7,0,Division,13
98,2020,Offensive Coordinator,15,4,0,Won Conference,13
98,2021,Offensive Coordinator,7,9,0,None,13
99,2014,Strength Coordinator,18,1,0,Champion,19
100,2014,Head Coach,11,7,0,Division,20
101,2014,Offensive Coordinator,11,7,0,Division,20
101,2015,Offensive Coordinator,14,6,0,Champion,20
101,2016,Offensive Coordinator,13,5,0,Conference,20
101,2017,Offensive Coordinator,8,8,0,None,20
101,2018,Offensive Coordinator,7,9,0,None,20
101,2019,Offensive Coordinator,10,6,0,None,20
101,2020,Offensive Coordinator,13,5,0,Division,20
101,2021,Offensive Coordinator,8,8,0,None,20
102,2014,Defensive Coordinator,11,7,0,Division,20
102,2015,Defensive Coordinator,14,6,0,Champion,20
102,2016,Defensive Coordinator,13,5,0,Conference,20
102,2017,Defensive Coordinator,8,8,0,None,20
102,2018,Defensive Coordinator,7,9,0,None,20
102,2019,Defensive Coordinator,10,6,0,None,20
102,2020,Defensive Coordinator,13,5,0,Division,20
102,2021,Defensive Coordinator,8,8,0,None,20
103,2014,Assistant Coach,11,7,0,Division,20
103,2015,Assistant Coach,14,6,0,Champion,20
103,2016,Assistant Coach,13,5,0,Conference,20
103,2017,Assistant Coach,8,8,0,None,20
103,2018,Assistant Coach,7,9,0,None,20
103,2019,Assistant Coach,10,6,0,None,20
103,2020,Assistant Coach,13,5,0,Division,20
104,2014,Strength Coordinator,11,7,0,Division,20
104,2015,Strength Coordinator,14,6,0,Champion,20
104,2016,Strength Coordinator,13,5,0,Conference,20
104,2017,Strength Coordinator,8,8,0,None,20
104,2018,Strength Coordinator,7,9,0,None,20
104,2019,Strength Coordinator,10,6,0,None,20
104,2020,Strength Coordinator,13,5,0,Division,20
104,2021,Strength Coordinator,8,8,0,None,20
105,2014,Head Coach,8,8,0,None,21
105,2015,Head Coach,7,9,0,None,21
105,2016,Head Coach,9,7,0,None,21
105,2017,Head Coach,10,8,0,Division,21
105,2018,Head Coach,6,10,0,None,21
106,2014,Offensive Coordinator,8,8,0,None,21
106,2015,Offensive Coordinator,7,9,0,None,21
106,2016,Offensive Coordinator,9,7,0,None,21
106,2017,Offensive Coordinator,10,8,0,Division,21
106,2018,Head Coach,7,9,0,None,29
106,2019,Head Coach,5,11,0,None,29
106,2020,Head Coach,10,8,0,Division,29
106,2021,Head Coach,6,10,0,None,29
107,2014,Defensive Coordinator,8,8,0,None,21
107,2015,Defensive Coordinator,7,9,0,None,21
107,2016,Defensive Coordinator,9,7,0,None,21
107,2017,Defensive Coordinator,10,8,0,Division,21
107,2018,Defensive Coordinator,6,10,0,None,21
107,2019,Defensive Coordinator,9,8,0,Wild Card,21
107,2020,Defensive Coordinator,11,8,0,Conference,21
107,2021,Defensive Coordinator,8,7,1,None,21
108,2014,Assistant Coach,8,8,0,None,21
108,2015,Defensive Coordinator,12,5,0,Division,2
108,2016,Defensive Coordinator,11,7,0,Division,2
108,2017,Head Coach,7,9,0,None,22
108,2018,Head Coach,8,9,0,Wild Card,22
108,2019,Head Coach,5,11,0,None,22
108,2020,Assistant Coach,7,8,1,None,0
108,2021,Assistant Coach,9,7,0,None,0
109,2014,Strength Coordinator,8,8,0,None,21
109,2015,Strength Coordinator,7,9,0,None,21
109,2016,Strength Coordinator,9,7,0,None,21
109,2017,Strength Coordinator,10,8,0,Division,21
109,2018,Strength Coordinator,6,10,0,None,21
109,2019,Strength Coordinator,9,8,0,Wild Card,21
109,2020,Strength Coordinator,11,8,0,Conference,21
109,2021,Strength Coordinator,8,7,1,None,21
110,2014,Head Coach,10,7,0,Wild Card,22
110,2015,Head Coach,7,9,0,None,22
110,2016,Head Coach,5,11,0,None,22
110,2017,Defensive Coordinator,7,9,0,None,4
110,2018,Defensive Coordinator,12,6,0,Conference,4
110,2019,Defensive Coordinator,11,8,0,Conference,4
110,2020,Defensive Coordinator,6,10,0,None,4
110,2021,Defensive Coordinator,14,4,0,Conference,4
111,2014,Offensive Coordinator,10,7,0,Wild Card,22
111,2015,Offensive Coordinator,7,9,0,None,22
112,2014,Defensive Coordinator,10,7,0,Wild Card,22
112,2015,Defensive Coordinator,7,9,0,None,22
112,2016,Defensive Coordinator,5,11,0,None,22
113,2014,Assistant Coach,10,7,0,Wild Card,22
113,2015,Assistant Coach,7,9,0,None,22
113,2016,Assistant Coach,5,11,0,None,22
113,2017,Assistant Coach,7,9,0,None,22
113,2018,Assistant Coach,8,9,0,Wild Card,22
113,2019,Assistant Coach,5,11,0,None,22
113,2020,Assistant Coach,10,6,0,None,22
113,2021,Assistant Coach,5,11,0,None,22
114,2014,Strength Coordinator,10,7,0,Wild Card,22
115,2014,Head Coach,9,7,0,None,23
115,2019,Offensive Coordinator,5,11,0,None,30
115,2020,Offensive Coordinator,10,7,0,Division,30
115,2021,Offensive Coordinator,9,8,0,Wild Card,30
116,2014,Offensive Coordinator,9,7,0,None,23
116,2015,Offensive Coordinator,9,7,0,None,23
116,2016,Offensive Coordinator,9,8,0,Wild Card,23
116,2017,Offensive Coordinator,8,8,0,None,23
116,2018,Offensive Coordinator,8,8,0,None,23
116,2019,Offensive Coordinator,6,9,1,None,23
116,2020,Offensive Coordinator,4,12,0,None,23
116,2021,Offensive Coordinator,17,2,0,Champion,10
117,2014,Defensive Coordinator,9,7,0,None,23
117,2015,Defensive Coordinator,9,7,0,None,23
118,2014,Assistant Coach,9,7,0,None,23
118,2015,Assistant Coach,9,7,0,None,23
118,2016,Assistant Coach,9,8,0,Wild Card,23
118,2017,Assistant Coach,8,8,0,None,23
118,2018,Assistant Coach,8,8,0,None,23
119,2014,Strength Coordinator,9,7,0,None,23
120,2014,Head Coach,9,7,0,None,24
120,2015,Head Coach,9,7,0,None,24
120,2016,Head Coach,4,12,0,None,24
120,2017,Head Coach,6,10,0,None,24
120,2018,Head Coach,10,7,0,Wild Card,24
120,2019,Head Coach,9,7,0,None,24
121,2014,Offensive Coordinator,9,7,0,None,24
121,2015,Offensive Coordinator,9,7,0,None,24
121,2016,Offensive Coordinator,4,12,0,None,24
121,2017,Offensive Coordinator,6,10,0,None,24
121,2018,Offensive Coordinator,10,7,0,Wild Card,24
121,2019,Offensive Coordinator,9,7,0,None,24
121,2020,Offensive Coordinator,5,11,0,None,24
121,2021,Offensive Coordinator,5,11,0,None,24
122,2014,Defensive Coordinator,9,7,0,None,24
122,2015,Defensive Coordinator,9,7,0,None,24
122,2016,Defensive Coordinator,4,12,0,None,24
122,2017,Defensive Coordinator,6,10,0,None,24
122,2018,Defensive Coordinator,10,7,0,Wild Card,24
122,2019,Defensive Coordinator,9,7,0,None,24
122,2020,Defensive Coordinator,5,11,0,None,24
122,2021,Defensive Coordinator,5,11,0,None,24
123,2014,Assistant Coach,9,7,0,None,24
123,2015,Assistant Coach,9,7,0,None,24
123,2016,Assistant Coach,4,12,0,None,24
123,2017,Assistant Coach,6,10,0,None,24
123,2018,Assistant Coach,10,7,0,Wild Card,24
123,2019,Assistant Coach,9,7,0,None,24
123,2020,Assistant Coach,5,11,0,None,24
123,2021,Assistant Coach,5,11,0,None,24
124,2014,Strength Coordinator,9,7,0,None,24
124,2015,Strength Coordinator,9,7,0,None,24
124,2016,Strength Coordinator,4,12,0,None,24
124,2017,Strength Coordinator,6,10,0,None,24
125,2014,Head Coach,12,6,0,Division,25
125,2015,Head Coach,12,6,0,Conference,25
125,2016,Head Coach,7,9,0,None,25
125,2017,Head Coach,4,12,0,None,25
125,2018,Head Coach,4,12,0,None,25
126,2014,Offensive Coordinator,12,6,0,Division,25
126,2015,Offensive Coordinator,12,6,0,Conference,25
126,2016,Offensive Coordinator,7,9,0,None,25
126,2017,Offensive Coordinator,4,12,0,None,25
126,2018,Offensive Coordinator,4,12,0,None,25
126,2019,Offensive Coordinator,2,14,0,None,5
126,2020,Offensive Coordinator,3,13,0,None,5
126,2021,Offensive Coordinator,1,15,0,None,5
127,2014,Defensive Coordinator,12,6,0,Division,25
127,2015,Defensive Coordinator,12,6,0,Conference,25
127,2016,Head Coach,7,9,0,None,7
127,2017,Head Coach,3,13,0,None,7
127,2018,Head Coach,3,13,0,None,7
127,2019,Head Coach,8,8,0,None,26
127,2020,Head Coach,5,11,0,None,26
127,2021,Head Coach,5,11,0,None,26
128,2014,Assistant Coach,12,6,0,Division,25
128,2015,Assistant Coach,12,6,0,Conference,25
128,2016,Assistant Coach,7,9,0,None,25
128,2017,Assistant Coach,4,12,0,None,25
128,2018,Assistant Coach,4,12,0,None,25
129,2014,Strength Coordinator,12,6,0,Division,25
129,2015,Strength Coordinator,12,6,0,Conference,25
129,2016,Strength Coordinator,7,9,0,None,25
130,2014,Head Coach,5,11,0,None,26
131,2014,Offensive Coordinator,5,11,0,None,26
131,2015,Offensive Coordinator,10,8,0,Division,26
131,2016,Offensive Coordinator,7,9,0,None,26
131,2017,Offensive Coordinator,8,8,0,None,26
131,2018,Offensive Coordinator,3,13,0,None,26
131,2019,Offensive Coordinator,8,8,0,None,26
131,2020,Offensive Coordinator,5,11,0,None,26
131,2021,Offensive Coordinator,5,11,0,None,26
132,2014,Defensive Coordinator,5,11,0,None,26
132,2015,Head Coach,8,8,0,None,13
132,2016,Head Coach,10,8,0,Division,13
132,2017,Head Coach,8,8,0,None,13
132,2018,Head Coach,13,6,0,Won Conference,13
132,2019,Head Coach,10,7,0,Division,13
132,2020,Head Coach,15,4,0,Won Conference,13
132,2021,Head Coach,7,9,0,None,13
133,2014,Assistant Coach,5,11,0,None,26
133,2015,Assistant Coach,10,8,0,Division,26
133,2016,Assistant Coach,7,9,0,None,26
133,2017,Assistant Coach,8,8,0,None,26
133,2018,Assistant Coach,3,13,0,None,26
133,2019,Assistant Coach,8,8,0,None,26
133,2020,Assistant Coach,5,11,0,None,26
133,2021,Assistant Coach,5,11,0,None,26
134,2014,Strength Coordinator,5,11,0,None,26
134,2015,Strength Coordinator,10,8,0,Division,26
135,2014,Head Coach,14,4,0,Conference,27
135,2015,Head Coach,11,6,0,Wild Card,27
135,2016,Head Coach,11,6,0,Wild Card,27
135,2017,Head Coach,7,9,0,None,27
136,2014,Offensive Coordinator,14,4,0,Conference,27
136,2015,Offensive Coordinator,11,6,0,Wild Card,27
136,2016,Offensive Coordinator,11,6,0,Wild Card,27
136,2017,Offensive Coordinator,7,9,0,None,27
136,2018,Offensive Coordinator,11,7,0,Division,27
136,2019,Offensive Coordinator,8,8,0,None,27
136,2020,Offensive Coordinator,6,10,0,None,27
136,2021,Offensive Coordinator,9,7,1,Wild Card,27
137,2014,Defensive Coordinator,14,4,0,Conference,27
137,2015,Defensive Coordinator,11,6,0,Wild Card,27
137,2016,Defensive Coordinator,11,6,0,Wild Card,27
137,2017,Defensive Coordinator,7,9,0,None,27
137,2018,Defensive Coordinator,11,7,0,Division,27
137,2019,Defensive Coordinator,8,8,0,None,27
137,2020,Defensive Coordinator,6,10,0,None,27
137,2021,Defensive Coordinator,9,7,1,Wild Card,27
138,2014,Assistant Coach,14,4,0,Conference,27
138,2015,Assistant Coach,11,6,0,Wild Card,27
138,2016,Assistant Coach,11,6,0,Wild Card,27
139,2014,Strength Coordinator,14,4,0,Conference,27
139,2015,Strength Coordinator,11,6,0,Wild Card,27
139,2016,Strength Coordinator,11,6,0,Wild Card,27
140,2014,Head Coach,10,7,0,Wild Card,28
141,2014,Offensive Coordinator,10,7,0,Wild Card,28
141,2015,Offensive Coordinator,10,8,0,Division,28
142,2014,Defensive Coordinator,10,7,0,Wild Card,28
142,2015,Defensive Coordinator,10,8,0,Division,28
142,2016,Defensive Coordinator,8,8,0,None,28
142,2017,Defensive Coordinator,8,8,0,None,28
142,2018,Defensive Coordinator,11,6,0,Wild Card,28
142,2019,Defensive Coordinator,9,7,0,None,28
142,2020,Defensive Coordinator,8,9,0,Wild Card,28
142,2021,Defensive Coordinator,12,6,0,Conference,28
143,2014,Assistant Coach,10,7,0,Wild Card,28
143,2015,Assistant Coach,10,8,0,Division,28
144,2014,Strength Coordinator,10,7,0,Wild Card,28
144,2015,Strength Coordinator,10,8,0,Division,28
144,2016,Strength Coordinator,8,8,0,None,28
144,2017,Strength Coordinator,8,8,0,None,28
144,2018,Strength Coordinator,11,6,0,Wild Card,28
144,2019,Strength Coordinator,9,7,0,None,28
145,2014,Head Coach,14,5,0,Won Conference,29
145,2015,Head Coach,10,7,0,Wild Card,29
145,2016,Head Coach,7,9,0,None,29
145,2017,Head Coach,10,7,0,Wild Card,29
146,2014,Offensive Coordinator,14,5,0,Won Conference,29
146,2015,Head Coach,10,8,0,Division,28
146,2016,Head Coach,8,8,0,None,28
146,2017,Head Coach,8,8,0,None,28
146,2018,Head Coach,11,6,0,Wild Card,28
146,2019,Head Coach,9,7,0,None,28
146,2020,Head Coach,8,9,0,Wild Card,28
146,2021,Head Coach,12,6,0,Conference,28
147,2014,Defensive Coordinator,14,5,0,Won Conference,29
147,2015,Defensive Coordinator,10,7,0,Wild Card,29
147,2016,Defensive Coordinator,7,9,0,None,29
147,2017,Defensive Coordinator,10,7,0,Wild Card,29
147,2018,Defensive Coordinator,7,9,0,None,29
147,2019,Defensive Coordinator,5,11,0,None,29
147,2020,Defensive Coordinator,10,8,0,Division,29
147,2021,Defensive Coordinator,6,10,0,None,29
148,2014,Assistant Coach,14,5,0,Won Conference,29
148,2015,Assistant Coach,10,7,0,Wild Card,29
148,2016,Assistant Coach,7,9,0,None,29
148,2017,Assistant Coach,10,7,0,Wild Card,29
148,2018,Assistant Coach,7,9,0,None,29
148,2019,Assistant Coach,5,11,0,None,29
148,2020,Assistant Coach,10,8,0,Division,29
148,2021,Assistant Coach,6,10,0,None,29
149,2014,Strength Coordinator,14,5,0,Won Conference,29
149,2015,Strength Coordinator,10,7,0,Wild Card,29
149,2016,Strength Coordinator,7,9,0,None,29
149,2017,Strength Coordinator,10,7,0,Wild Card,29
149,2018,Strength Coordinator,7,9,0,None,29
149,2019,Strength Coordinator,5,11,0,None,29
149,2020,Strength Coordinator,3,13,0,None,5
149,2021,Strength Coordinator,1,15,0,None,5
150,2014,Head Coach,3,13,0,None,30
150,2015,Head Coach,0,16,0,None,30
151,2014,Offensive Coordinator,3,13,0,None,30
151,2015,Offensive Coordinator,0,16,0,None,30
152,2014,Defensive Coordinator,3,13,0,None,30
153,2014,Assistant Coach,3,13,0,None,30
153,2015,Assistant Coach,0,16,0,None,30
153,2018,Offensive Coordinator,14,4,0,Conference,3
153,2019,Offensive Coordinator,14,5,0,Won Conference,3
153,2020,Offensive Coordinator,10,7,0,Wild Card,3
153,2021,Offensive Coordinator,8,8,0,None,3
154,2014,Strength Coordinator,3,13,0,None,30
154,2015,Strength Coordinator,0,16,0,None,30
154,2016,Strength Coordinator,8,9,0,Wild Card,31
154,2017,Strength Coordinator,14,4,0,Conference,31
154,2018,Strength Coordinator,8,7,1,None,31
154,2019,Strength Coordinator,12,7,0,Conference,31
154,2020,Strength Coordinator,10,8,0,Division,29
154,2021,Strength Coordinator,6,10,0,None,29
155,2014,Head Coach,11,7,0,Conference,31
155,2015,Head Coach,8,8,0,None,31
155,2016,Head Coach,8,9,0,Wild Card,31
155,2017,Head Coach,14,4,0,Conference,31
155,2018,Head Coach,8,7,1,None,31
155,2019,Head Coach,12,7,0,Conference,31
155,2020,Head Coach,7,9,0,None,31
155,2021,Head Coach,8,8,0,None,31
156,2014,Offensive Coordinator,11,7,0,Conference,31
156,2015,Offensive Coordinator,8,8,0,None,31
156,2016,Offensive Coordinator,8,9,0,Wild Card,31
156,2017,Offensive Coordinator,14,4,0,Conference,31
156,2018,Offensive Coordinator,8,7,1,None,31
156,2019,Offensive Coordinator,12,7,0,Conference,31
156,2020,Offensive Coordinator,7,9,0,None,31
156,2021,Offensive Coordinator,8,8,0,None,31
157,2014,Defensive Coordinator,11,7,0,Conference,31
157,2015,Head Coach,4,12,0,None,15
157,2016,Head Coach,7,9,0,None,15
157,2017,Head Coach,9,7,0,None,15
157,2018,Head Coach,13,7,0,Champion,15
157,2019,Head Coach,7,9,0,None,15
157,2020,Head Coach,9,8,0,Wild Card,15
158,2014,Assistant Coach,11,7,0,Conference,31
158,2015,Assistant Coach,8,8,0,None,31
158,2016,Assistant Coach,8,9,0,Wild Card,31
158,2017,Assistant Coach,14,4,0,Conference,31
158,2018,Assistant Coach,8,7,1,None,31
158,2019,Assistant Coach,12,7,0,Conference,31
158,2020,Assistant Coach,7,9,0,None,31
158,2021,Assistant Coach,8,8,0,None,31
159,2014,Strength Coordinator,11,7,0,Conference,31
159,2015,Strength Coordinator,8,8,0,None,31
159,2016,Strength Coordinator,7,9,0,None,26
159,2017,Strength Coordinator,8,8,0,None,26
159,2018,Strength Coordinator,3,13,0,None,26
159,2019,Strength Coordinator,5,11,0,None,30
159,2020,Strength Coordinator,10,7,0,Division,30
159,2021,Strength Coordinator,9,8,0,Wild Card,30
160,2015,Strength Coordinator,3,13,0,None,12
160,2016,Strength Coordinator,8,8,0,None,12
160,2017,Strength Coordinator,7,9,0,None,12
160,2018,Strength Coordinator,12,6,0,Division,12
160,2019,Strength Coordinator,8,8,0,None,12
160,2020,Strength Coordinator,8,8,0,None,12
160,2021,Strength Coordinator,7,9,0,None,12
162,2016,Assistant Coach,7,9,0,None,30
162,2017,Assistant Coach,4,12,0,None,30
162,2018,Assistant Coach,2,14,0,None,30
162,2019,Assistant Coach,8,8,0,None,2
162,2020,Assistant Coach,8,8,0,None,2
162,2021,Assistant Coach,10,8,0,Division,2
163,2016,Assistant Coach,9,7,0,None,14
163,2017,Assistant Coach,7,9,0,None,14
163,2018,Assistant Coach,9,7,0,None,14
163,2019,Assistant Coach,9,7,0,None,14
163,2020,Assistant Coach,9,6,1,None,14
163,2021,Assistant Coach,13,6,0,Won Conference,14
166,2015,Strength Coordinator,9,7,0,None,4
166,2016,Strength Coordinator,17,2,0,Won Conference,4
166,2017,Strength Coordinator,7,9,0,None,4
166,2018,Strength Coordinator,12,6,0,Conference,4
166,2019,Strength Coordinator,11,8,0,Conference,4
166,2020,Strength Coordinator,6,10,0,None,4
166,2021,Strength Coordinator,14,4,0,Conference,4
167,2018,Assistant Coach,13,6,0,Won Conference,13
167,2019,Assistant Coach,10,7,0,Division,13
167,2020,Assistant Coach,15,4,0,Won Conference,13
167,2021,Assistant Coach,7,9,0,None,13
170,2015,Strength Coordinator,7,9,0,None,22
170,2016,Strength Coordinator,5,11,0,None,22
170,2017,Strength Coordinator,7,9,0,None,22
170,2018,Strength Coordinator,8,9,0,Wild Card,22
171,2015,Offensive Coordinator,13,5,0,Conference,19
171,2016,Offensive Coordinator,17,2,0,Champion,19
171,2017,Offensive Coordinator,15,4,0,Champion,19
171,2018,Offensive Coordinator,7,8,1,None,19
171,2019,Offensive Coordinator,11,6,0,Wild Card,19
171,2020,Offensive Coordinator,12,7,0,Conference,19
171,2021,Offensive Coordinator,6,9,1,None,19
172,2015,Head Coach,14,6,0,Champion,20
172,2016,Head Coach,13,5,0,Conference,20
172,2017,Head Coach,8,8,0,None,20
172,2018,Head Coach,7,9,0,None,20
172,2019,Head Coach,10,6,0,None,20
172,2020,Head Coach,13,5,0,Division,20
172,2021,Head Coach,8,8,0,None,20
176,2017,Strength Coordinator,8,8,0,None,13
176,2018,Strength Coordinator,13,6,0,Won Conference,13
176,2019,Strength Coordinator,10,7,0,Division,13
176,2020,Strength Coordinator,15,4,0,Won Conference,13
176,2021,Strength Coordinator,7,9,0,None,13
178,2016,Assistant Coach,10,7,0,Wild Card,9
178,2017,Assistant Coach,10,7,0,Wild Card,9
178,2018,Assistant Coach,9,7,0,None,9
178,2019,Assistant Coach,10,7,0,Wild Card,9
178,2020,Assistant Coach,7,9,0,None,9
178,2021,Assistant Coach,14,4,0,Division,9
180,2015,Strength Coordinator,6,10,0,None,11
180,2016,Strength Coordinator,6,10,0,None,11
180,2017,Strength Coordinator,6,10,0,None,11
180,2018,Strength Coordinator,10,7,0,Wild Card,24
180,2019,Strength Coordinator,9,7,0,None,24
180,2020,Strength Coordinator,5,11,0,None,24
180,2021,Strength Coordinator,5,11,0,None,24
181,2017,Assistant Coach,7,9,0,None,27
181,2018,Assistant Coach,11,7,0,Division,27
181,2019,Assistant Coach,8,8,0,None,27
181,2020,Assistant Coach,6,10,0,None,27
181,2021,Assistant Coach,9,7,1,Wild Card,27
182,2015,Strength Coordinator,8,8,0,None,16
182,2016,Strength Coordinator,5,10,1,None,16
182,2017,Strength Coordinator,2,14,0,None,16
182,2018,Strength Coordinator,13,5,0,Division,16
182,2019,Strength Coordinator,11,6,0,Wild Card,16
182,2020,Strength Coordinator,2,14,0,None,16
182,2021,Strength Coordinator,5,10,1,None,16
184,2015,Assistant Coach,8,8,0,None,13
184,2016,Defensive Coordinator,7,9,0,None,7
184,2017,Defensive Coordinator,3,13,0,None,7
184,2018,Defensive Coordinator,3,13,0,None,7
184,2019,Defensive Coordinator,5,11,0,None,30
184,2020,Defensive Coordinator,10,7,0,Division,30
184,2021,Defensive Coordinator,9,8,0,Wild Card,30
185,2015,Offensive Coordinator,10,7,0,Wild Card,29
185,2016,Offensive Coordinator,7,9,0,None,29
185,2017,Offensive Coordinator,10,7,0,Wild Card,29
185,2018,Offensive Coordinator,7,9,0,None,29
185,2019,Offensive Coordinator,5,11,0,None,29
185,2020,Head Coach,4,12,0,None,23
185,2021,Head Coach,11,7,0,Division,23
187,2017,Defensive Coordinator,12,6,0,Conference,10
187,2018,Defensive Coordinator,8,8,0,None,10
187,2019,Defensive Coordinator,18,1,0,Champion,10
187,2020,Defensive Coordinator,18,1,0,Champion,10
187,2021,Defensive Coordinator,17,2,0,Champion,10
189,2015,Defensive Coordinator,4,12,0,None,7
189,2016,Head Coach,8,8,0,None,12
189,2017,Head Coach,7,9,0,None,12
189,2018,Head Coach,12,6,0,Division,12
189,2019,Head Coach,8,8,0,None,12
189,2020,Head Coach,8,8,0,None,12
189,2021,Head Coach,7,9,0,None,12
191,2016,Assistant Coach,13,5,0,Conference,10
191,2017,Assistant Coach,12,6,0,Conference,10
191,2018,Assistant Coach,8,8,0,None,10
191,2019,Assistant Coach,18,1,0,Champion,10
191,2020,Assistant Coach,18,1,0,Champion,10
191,2021,Assistant Coach,17,2,0,Champion,10
193,2015,Assistant Coach,4,12,0,None,7
193,2016,Assistant Coach,7,9,0,None,7
193,2017,Assistant Coach,3,13,0,None,7
193,2018,Assistant Coach,3,13,0,None,7
193,2019,Assistant Coach,6,9,1,None,23
193,2020,Assistant Coach,4,12,0,None,23
193,2021,Assistant Coach,11,7,0,Division,23
198,2021,Head Coach,7,9,0,None,11
209,2019,Assistant Coach,5,11,0,None,30
209,2020,Offensive Coordinator,10,8,0,Division,29
209,2021,Offensive Coordinator,6,10,0,None,29
210,2020,Strength Coordinator,7,9,0,None,31
210,2021,Strength Coordinator,8,8,0,None,31
211,2016,Assistant Coach,9,7,0,None,21
211,2017,Assistant Coach,10,8,0,Division,21
211,2018,Assistant Coach,6,10,0,None,21
211,2019,Assistant Coach,9,8,0,Wild Card,21
211,2020,Assistant Coach,11,8,0,Conference,21
211,2021,Assistant Coach,8,7,1,None,21
212,2019,Offensive Coordinator,5,11,0,None,22
212,2020,Offensive Coordinator,10,6,0,None,22
212,2021,Offensive Coordinator,5,11,0,None,22
215,2018,Assistant Coach,10,7,0,Wild Card,0
215,2019,Assistant Coach,5,11,0,None,0
215,2020,Offensive Coordinator,7,8,1,None,0
215,2021,Offensive Coordinator,9,7,0,None,0
219,2015,Head Coach,4,12,0,None,1
219,2016,Head Coach,5,11,0,None,1
219,2017,Head Coach,9,9,0,Division,1
219,2018,Head Coach,11,7,0,Division,27
219,2019,Head Coach,8,8,0,None,27
219,2020,Head Coach,6,10,0,None,27
219,2021,Head Coach,5,11,0,None,15
220,2016,Strength Coordinator,7,9,0,None,7
220,2017,Strength Coordinator,3,13,0,None,7
220,2018,Strength Coordinator,3,13,0,None,7
220,2020,Strength Coordinator,9,6,1,None,14
220,2021,Strength Coordinator,13,6,0,Won Conference,14
222,2015,Defensive Coordinator,10,8,0,Division,26
222,2016,Head Coach,8,10,0,Division,0
222,2017,Head Coach,14,5,0,Won Conference,0
222,2018,Head Coach,10,7,0,Wild Card,0
222,2019,Head Coach,5,11,0,None,0
222,2020,Head Coach,9,7,0,None,8
222,2021,Head Coach,9,8,0,Wild Card,8
223,2017,Assistant Coach,9,7,0,None,18
223,2018,Assistant Coach,10,7,0,Division,18
223,2019,Assistant Coach,8,8,0,None,18
223,2020,Assistant Coach,7,9,0,None,18
223,2021,Assistant Coach,8,8,0,None,18
227,2021,Offensive Coordinator,14,4,0,Conference,4
228,2017,Assistant Coach,6,10,0,None,11
228,2018,Assistant Coach,5,11,0,None,11
228,2019,Assistant Coach,5,10,1,None,11
228,2020,Assistant Coach,5,11,0,None,11
229,2015,Strength Coordinator,10,6,0,None,8
229,2016,Strength Coordinator,6,10,0,None,8
229,2017,Strength Coordinator,10,7,0,Wild Card,8
229,2018,Strength Coordinator,10,6,0,None,8
229,2019,Strength Coordinator,6,10,0,None,8
229,2020,Strength Coordinator,9,7,0,None,8
229,2021,Strength Coordinator,9,8,0,Wild Card,8
230,2015,Head Coach,6,10,0,None,5
230,2016,Head Coach,5,11,0,None,5
230,2017,Head Coach,4,12,0,None,5
230,2018,Head Coach,5,11,0,None,5
230,2019,Head Coach,10,7,0,Division,25
230,2020,Head Coach,11,6,0,Division,25
230,2021,Head Coach,12,6,0,Division,25
234,2015,Head Coach,10,6,0,None,8
234,2016,Head Coach,6,10,0,None,8
234,2017,Head Coach,10,7,0,Wild Card,8
234,2018,Head Coach,10,6,0,None,8
234,2019,Head Coach,6,10,0,None,8
234,2020,Head Coach,5,11,0,None,24
234,2021,Head Coach,5,11,0,None,24
236,2015,Strength Coordinator,11,7,0,Division,18
236,2016,Strength Coordinator,11,7,0,Division,18
236,2017,Strength Coordinator,9,7,0,None,18
236,2018,Strength Coordinator,10,7,0,Division,18
236,2019,Strength Coordinator,8,8,0,None,18
236,2020,Strength Coordinator,7,9,0,None,18
236,2021,Strength Coordinator,8,8,0,None,18
238,2020,Head Coach,7,8,1,None,0
238,2021,Head Coach,9,7,0,None,0
241,2015,Assistant Coach,7,9,0,None,21
241,2016,Defensive Coordinator,7,9,0,None,30
241,2017,Defensive Coordinator,4,12,0,None,30
241,2018,Defensive Coordinator,2,14,0,None,30
241,2019,Defensive Coordinator,2,14,0,None,5
241,2020,Defensive Coordinator,3,13,0,None,5
241,2021,Defensive Coordinator,1,15,0,None,5
247,2015,Strength Coordinator,4,12,0,None,15
247,2016,Strength Coordinator,7,9,0,None,15
247,2017,Strength Coordinator,9,7,0,None,15
247,2018,Strength Coordinator,13,7,0,Champion,15
247,2019,Strength Coordinator,7,9,0,None,15
247,2020,Strength Coordinator,9,8,0,Wild Card,15
247,2021,Strength Coordinator,5,11,0,None,15
248,2018,Assistant Coach,7,8,1,None,19
248,2019,Assistant Coach,11,6,0,Wild Card,19
248,2020,Assistant Coach,12,7,0,Conference,19
248,2021,Assistant Coach,6,9,1,None,19
249,2015,Head Coach,10,8,0,Division,26
249,2016,Head Coach,7,9,0,None,26
249,2017,Head Coach,8,8,0,None,26
249,2018,Head Coach,3,13,0,None,26
249,2019,Offensive Coordinator,10,7,0,Division,25
249,2020,Head Coach,12,7,0,Conference,19
249,2021,Head Coach,6,9,1,None,19
250,2021,Head Coach,6,10,0,None,1
255,2016,Strength Coordinator,7,9,0,None,30
255,2017,Strength Coordinator,4,12,0,None,30
255,2018,Strength Coordinator,2,14,0,None,30
256,2015,Strength Coordinator,13,5,0,Conference,19
256,2016,Strength Coordinator,17,2,0,Champion,19
256,2017,Strength Coordinator,15,4,0,Champion,19
256,2018,Strength Coordinator,7,8,1,None,19
256,2019,Strength Coordinator,11,6,0,Wild Card,19
256,2020,Strength Coordinator,12,7,0,Conference,19
256,2021,Strength Coordinator,6,9,1,None,19
259,2018,Defensive Coordinator,12,6,0,Division,12
259,2019,Defensive Coordinator,8,8,0,None,12
259,2020,Defensive Coordinator,8,8,0,None,12
259,2021,Defensive Coordinator,7,9,0,None,12
260,2016,Defensive Coordinator,5,11,0,None,1
260,2017,Defensive Coordinator,9,9,0,Division,1
260,2018,Defensive Coordinator,10,6,0,None,1
260,2019,Defensive Coordinator,3,13,0,None,1
260,2020,Defensive Coordinator,8,9,0,Wild Card,1
260,2021,Defensive Coordinator,6,10,0,None,1
261,2015,Defensive Coordinator,0,16,0,None,30
261,2016,Defensive Coordinator,9,8,0,Wild Card,23
261,2017,Defensive Coordinator,8,8,0,None,23
261,2018,Defensive Coordinator,8,8,0,None,23
261,2019,Defensive Coordinator,6,9,1,None,23
261,2020,Defensive Coordinator,4,12,0,None,23
261,2021,Defensive Coordinator,11,7,0,Division,23
262,2015,Strength Coordinator,9,7,0,None,23
262,2016,Strength Coordinator,9,8,0,Wild Card,23
262,2017,Strength Coordinator,8,8,0,None,23
262,2018,Strength Coordinator,8,8,0,None,23
262,2019,Strength Coordinator,6,9,1,None,23
262,2020,Strength Coordinator,4,12,0,None,23
262,2021,Strength Coordinator,11,7,0,Division,23
263,2015,Head Coach,9,7,0,None,23
263,2016,Head Coach,9,8,0,Wild Card,23
263,2017,Head Coach,8,8,0,None,23
263,2018,Head Coach,8,8,0,None,23
263,2019,Head Coach,6,9,1,None,23
267,2015,Strength Coordinator,4,12,0,None,1
267,2016,Strength Coordinator,5,11,0,None,1
267,2017,Strength Coordinator,9,9,0,Division,1
267,2018,Strength Coordinator,10,6,0,None,1
267,2019,Strength Coordinator,5,11,0,None,7
267,2020,Strength Coordinator,7,9,0,None,7
267,2021,Strength Coordinator,9,8,0,Wild Card,7
268,2015,Head Coach,6,10,0,None,11
268,2016,Head Coach,6,10,0,None,11
268,2017,Head Coach,6,10,0,None,11
268,2018,Offensive Coordinator,5,11,0,None,5
268,2019,Head Coach,5,11,0,None,30
268,2020,Head Coach,10,7,0,Division,30
268,2021,Head Coach,9,8,0,Wild Card,30
271,2016,Offensive Coordinator,6,10,0,None,8
271,2017,Offensive Coordinator,10,7,0,Wild Card,8
271,2018,Offensive Coordinator,10,6,0,None,8
271,2019,Offensive Coordinator,6,10,0,None,8
271,2020,Offensive Coordinator,9,7,0,None,8
271,2021,Offensive Coordinator,9,8,0,Wild Card,8
279,2016,Defensive Coordinator,10,7,0,Wild Card,9
279,2017,Defensive Coordinator,10,7,0,Wild Card,9
279,2018,Defensive Coordinator,9,7,0,None,9
279,2019,Defensive Coordinator,10,7,0,Wild Card,9
279,2020,Defensive Coordinator,7,9,0,None,9
279,2021,Defensive Coordinator,14,4,0,Division,9
289,2016,Defensive Coordinator,7,9,0,None,25
289,2017,Defensive Coordinator,4,12,0,None,25
289,2018,Defensive Coordinator,4,12,0,None,25
289,2019,Defensive Coordinator,5,11,0,None,7
289,2020,Defensive Coordinator,7,9,0,None,7
289,2021,Defensive Coordinator,9,8,0,Wild Card,7
290,2016,Assistant Coach,5,10,1,None,16
290,2017,Assistant Coach,2,14,0,None,16
290,2018,Assistant Coach,13,5,0,Division,16
290,2019,Assistant Coach,11,6,0,Wild Card,16
290,2020,Assistant Coach,2,14,0,None,16
290,2021,Assistant Coach,5,10,1,None,16
296,2016,Offensive Coordinator,9,7,0,None,14
296,2017,Offensive Coordinator,7,9,0,None,14
296,2018,Offensive Coordinator,9,7,0,None,14
296,2019,Offensive Coordinator,9,7,0,None,14
296,2020,Offensive Coordinator,9,6,1,None,14
296,2021,Offensive Coordinator,13,6,0,Won Conference,14
297,2016,Assistant Coach,10,8,0,Division,13
297,2017,Assistant Coach,8,8,0,None,13
297,2018,Head Coach,5,11,0,None,17
297,2019,Head Coach,10,8,0,Division,17
297,2020,Head Coach,7,9,0,None,17
297,2021,Head Coach,4,12,0,None,17
301,2017,Assistant Coach,14,5,0,Won Conference,0
301,2018,Offensive Coordinator,6,10,0,None,21
301,2019,Offensive Coordinator,9,8,0,Wild Card,21
301,2020,Offensive Coordinator,11,8,0,Conference,21
301,2021,Offensive Coordinator,8,7,1,None,21
302,2017,Head Coach,9,7,0,None,18
302,2018,Head Coach,10,7,0,Division,18
302,2019,Head Coach,8,8,0,None,18
302,2020,Head Coach,7,9,0,None,18
302,2021,Head Coach,8,8,0,None,18
303,2018,Assistant Coach,14,4,0,Conference,3
303,2019,Assistant Coach,14,5,0,Won Conference,3
303,2020,Assistant Coach,10,7,0,Wild Card,3
303,2021,Assistant Coach,8,8,0,None,3
308,2017,Strength Coordinator,4,12,0,None,25
308,2018,Strength Coordinator,4,12,0,None,25
308,2019,Strength Coordinator,8,8,0,None,26
308,2020,Strength Coordinator,5,11,0,None,26
308,2021,Strength Coordinator,5,11,0,None,26
309,2017,Strength Coordinator,7,9,0,None,27
309,2018,Strength Coordinator,11,7,0,Division,27
309,2019,Strength Coordinator,8,8,0,None,27
309,2020,Strength Coordinator,6,10,0,None,27
309,2021,Strength Coordinator,9,7,1,Wild Card,27
316,2017,Defensive Coordinator,11,6,0,Wild Card,2
316,2018,Defensive Coordinator,7,9,0,None,2
316,2019,Defensive Coordinator,8,8,0,None,2
316,2020,Defensive Coordinator,8,8,0,None,2
316,2021,Defensive Coordinator,10,8,0,Division,2
326,2018,Strength Coordinator,7,9,0,None,2
326,2019,Strength Coordinator,8,8,0,None,2
326,2020,Strength Coordinator,8,8,0,None,2
326,2021,Strength Coordinator,10,8,0,Division,2
332,2018,Strength Coordinator,5,11,0,None,11
332,2019,Strength Coordinator,5,10,1,None,11
332,2020,Strength Coordinator,5,11,0,None,11
337,2019,Strength Coordinator,5,11,0,None,22
337,2020,Strength Coordinator,10,6,0,None,22
337,2021,Strength Coordinator,5,11,0,None,22
338,2019,Defensive Coordinator,9,7,0,None,14
338,2020,Defensive Coordinator,9,6,1,None,14
338,2021,Defensive Coordinator,13,6,0,Won Conference,14
344,2019,Assistant Coach,5,11,0,None,7
344,2020,Assistant Coach,7,9,0,None,7
344,2021,Assistant Coach,9,8,0,Wild Card,7
345,2019,Strength Coordinator,3,13,0,None,1
345,2020,Strength Coordinator,8,9,0,Wild Card,1
345,2021,Strength Coordinator,6,10,0,None,1
346,2019,Head Coach,9,8,0,Wild Card,21
346,2020,Head Coach,11,8,0,Conference,21
346,2021,Head Coach,8,7,1,None,21
347,2019,Strength Coordinator,10,7,0,Division,25
347,2020,Strength Coordinator,11,6,0,Division,25
347,2021,Strength Coordinator,12,6,0,Division,25
350,2019,Assistant Coach,10,7,0,Division,25
350,2020,Assistant Coach,11,6,0,Division,25
350,2021,Assistant Coach,12,6,0,Division,25
351,2019,Head Coach,5,11,0,None,7
351,2020,Head Coach,7,9,0,None,7
351,2021,Head Coach,9,8,0,Wild Card,7
353,2019,Offensive Coordinator,5,11,0,None,7
353,2020,Offensive Coordinator,7,9,0,None,7
353,2021,Offensive Coordinator,9,8,0,Wild Card,7
357,2021,Offensive Coordinator,11,7,0,Division,23
361,2020,Assistant Coach,10,7,0,Division,30
361,2021,Assistant Coach,9,8,0,Wild Card,30
362,2020,Defensive Coordinator,10,6,0,None,22
362,2021,Defensive Coordinator,5,11,0,None,22
370,2021,Offensive Coordinator,7,9,0,None,11
381,2021,Assistant Coach,7,9,0,None,11
383,2021,Defensive Coordinator,7,9,0,None,11
384,2021,Strength Coordinator,7,9,0,None,11
386,2021,Offensive Coordinator,5,10,1,None,16
